{
	"name": "SPACE AVIATOR",
	"short_name": "SPACE AVIATOR",
	"description": "Casino Games",
	"start_url": "index.html",
	"display": "fullscreen",
	"orientation": "landscape",
	"background_color": "#ffffff",
	"icons": [
		{
			"src": "icons/16.png",
			"sizes": "16x16",
			"type": "image/png"
		},
		{
			"src": "icons/32.png",
			"sizes": "32x32",
			"type": "image/png"
		},
		{
			"src": "icons/114.png",
			"sizes": "114x114",
			"type": "image/png"
		},
		{
			"src": "icons/128.png",
			"sizes": "128x128",
			"type": "image/png"
		},
		{
			"src": "icons/256.png",
			"sizes": "256x256",
			"type": "image/png"
		}
	],
	"screenshots": []
}